,cpu_pct,memory_pct,temperature_c,pkt_drop_pct,error_count,signal_quality
cpu_pct,1.0,0.9178722337902462,0.9485241911459071,0.8621978626904595,0.8804183253076515,-0.9202557697463164
memory_pct,0.9178722337902462,1.0,0.9096811850554725,0.8552845279277873,0.8741599481670375,-0.902150690202719
temperature_c,0.9485241911459071,0.9096811850554725,1.0,0.8454080917437363,0.8666272149105734,-0.9078634127651821
pkt_drop_pct,0.8621978626904595,0.8552845279277873,0.8454080917437363,1.0,0.9760389647579134,-0.9504258729935928
error_count,0.8804183253076515,0.8741599481670375,0.8666272149105734,0.9760389647579134,1.0,-0.9662813712182424
signal_quality,-0.9202557697463164,-0.902150690202719,-0.9078634127651821,-0.9504258729935928,-0.9662813712182424,1.0
